candidate_name,email,phone,college,applied_role,skills,experience_months,notice_period_days,expected_salary,resume_text,portfolio_url,historical_selection_status
Demo Candidate 001,candidate1@example.test,9100000000,Demo College 1,Python Developer,"html, css",7,0,1009000,"I build applications with html, css. I enjoy learning and collaborating on software.",,REJECTED
Demo Candidate 002,candidate2@example.test,9100000001,Demo College 2,Django Developer,"python, django, postgresql, git, rest",8,0,942000,"I build applications with python, django, postgresql, git, rest. I enjoy learning and collaborating on software.",,REJECTED
Demo Candidate 003,candidate3@example.test,9100000002,Demo College 3,Python Developer,"python, sql, git",2,0,345000,"I build applications with python, sql, git. I enjoy learning and collaborating on software.",,REJECTED
Demo Candidate 004,candidate4@example.test,9100000003,Demo College 4,Django Developer,"python, django",1,90,453000,"I build applications with python, django. I enjoy learning and collaborating on software.",,REJECTED
Demo Candidate 005,candidate5@example.test,9100000004,Demo College 5,Python Developer,"python, sql, git",17,0,1027000,"I build applications with python, sql, git. I enjoy learning and collaborating on software.",,REJECTED
Demo Candidate 006,candidate6@example.test,9100000005,Demo College 1,Django Developer,"python, sql, git",21,30,409000,"I build applications with python, sql, git. I enjoy learning and collaborating on software.",,SELECTED
Demo Candidate 007,candidate7@example.test,9100000006,Demo College 2,Python Developer,"python, django",21,0,344000,"I build applications with python, django. I enjoy learning and collaborating on software.",,REJECTED
Demo Candidate 008,candidate8@example.test,9100000007,Demo College 3,Django Developer,"python, django, postgresql, git, rest",22,90,520000,"I build applications with python, django, postgresql, git, rest. I enjoy learning and collaborating on software.",,REJECTED
Demo Candidate 009,candidate9@example.test,9100000008,Demo College 4,Python Developer,"python, django, postgresql, git, rest",34,0,637000,"I build applications with python, django, postgresql, git, rest. I enjoy learning and collaborating on software.",,SELECTED
Demo Candidate 010,candidate10@example.test,9100000009,Demo College 5,Django Developer,"python, django, postgresql, git, rest",23,90,446000,"I build applications with python, django, postgresql, git, rest. I enjoy learning and collaborating on software.",,SELECTED
Demo Candidate 011,candidate11@example.test,9100000010,Demo College 1,Python Developer,"python, sql, git",14,30,331000,"I build applications with python, sql, git. I enjoy learning and collaborating on software.",,SELECTED
Demo Candidate 012,candidate12@example.test,9100000011,Demo College 2,Django Developer,"html, css",24,30,714000,"I build applications with html, css. I enjoy learning and collaborating on software.",,REJECTED
Demo Candidate 001,candidate1@example.test,9100000000,Demo College 1,Python Developer,"html, css",7,0,1009000,"I build applications with html, css. I enjoy learning and collaborating on software.",,REJECTED
Demo Candidate 014,invalid-email,123,Demo College 4,Django Developer,"python, sql, git",six,90,-10,"I build applications with python, sql, git. I enjoy learning and collaborating on software.",,REJECTED
Demo Candidate 015,candidate15@example.test,9100000014,Demo College 5,Unknown Role,"python, django",15,15,723000,"I build applications with python, django. I enjoy learning and collaborating on software.",,SELECTED
Demo Candidate 016,optional@example.test,9100000015,Demo College 1,Django Developer,"html, css",35,15,951000,,,REJECTED
